i,x,y,theta
0,6,2.5,0
1,5.99999999025273,2.50000008661123,3.88790645549621E-10
2,6.00025414280666,2.50000008190167,1.400876787812E-07
3,6.00101250345907,2.50000015830448,5.54780619780281E-07
4,6.00227440184949,2.50000020699616,1.24275600804144E-06
5,6.00403486813748,2.50000023645587,2.19719655815902E-06
6,6.00628946369261,2.50000025561954,3.41105616234226E-06
7,6.00903464029597,2.50000027156864,4.877592792719E-06
8,6.0122677167397,2.50000028961017,6.59052359110221E-06
9,6.01598673423029,2.50000031389145,8.5440281959146E-06
10,6.02019029340002,2.5000003479677,1.07326957849416E-05
11,6.02487741022688,2.50000039519742,1.31514581817333E-05
12,6.03004740080712,2.50000045898306,1.57955268874951E-05
13,6.03569979405378,2.5000005429039,1.86603403043569E-05
14,6.04183426773537,2.50000065078255,2.17415221260533E-05
15,6.0484506084593,2.50000078587087,2.50349154309103E-05
16,6.05554867132658,2.50000095124454,2.85364594918723E-05
17,6.06312836240798,2.50000115173342,3.22422964875511E-05
18,6.07118961463312,2.50000139197397,3.61485056592615E-05
19,6.07973238056505,2.50000167867035,4.02511734098517E-05
20,6.08875663035165,2.50000201851223,4.4546339509299E-05
21,6.09826234615555,2.50000241781794,4.90301741802742E-05
22,6.10824951860845,2.50000288282359,5.36990261370498E-05
23,6.1187181429004,2.50000341967879,5.8549460550661E-05
24,6.12966821681453,2.50000403459369,6.35781853751783E-05
25,6.14109973881703,2.50000473394907,6.87820600077646E-05
26,6.15301270816725,2.50000552435903,7.41579865505055E-05
27,6.16540712453855,2.50000641269687,7.97028943224399E-05
28,6.17828298775188,2.50000740609725,8.54137427093665E-05
29,6.1916402976567,2.50000851194606,9.12875258803367E-05
30,6.20535957522919,2.50000972641483,9.6513544375814E-05
31,6.21919914065116,2.50001102129202,0.000100287729021
32,6.23296228513152,2.50001236814784,0.000102729493083
33,6.24653836835096,2.50001373885583,0.000104067498933
34,6.25987639608356,2.50001511183064,0.000104524042232
35,6.27295667064731,2.50001647136946,0.000104291582173
36,6.28577375944417,2.50001780624057,0.000103529334112
37,6.29832834040564,2.50001910855135,0.000102365546784
38,6.31062371876105,2.50002037292229,0.000100901887505
39,6.32266437086346,2.50002159586853,9.9218201152819E-05
40,6.33445528937726,2.50002277532428,9.73768163374782E-05
41,6.34600165321088,2.50002391027604,9.54261628719987E-05
42,6.35730865077503,2.50002500048218,9.34037155826515E-05
43,6.36838138886664,2.50002604626097,9.13383552296006E-05
44,6.37922485222848,2.50002704833151,8.92522459684314E-05
45,6.38984389165415,2.50002800769492,8.71623186636968E-05
46,6.40024322632928,2.50002892554561,8.50814363076774E-05
47,6.41042745186413,2.50002980320513,8.30193054906941E-05
48,6.42040104949657,2.50003064207298,8.09831867916273E-05
49,6.430168394448,2.50003144359008,7.89784471393258E-05
50,6.43973376278907,2.50003220921181,7.7008988688223E-05
51,6.4491013368275,2.50003294038826,7.50775815830034E-05
52,6.45827520927937,2.50003363855001,7.3186122101504E-05
53,6.4672593865342,2.50003430509789,7.13358329336872E-05
54,6.47605779128683,2.50003494139596,6.95274186102152E-05
55,6.48467426474701,2.50003554876673,6.77611861626215E-05
56,6.49311256857649,2.50003612848814,6.60371388179052E-05
57,6.50137638665367,2.50003668179186,6.43550487656206E-05
58,6.50946932672916,2.50003720986256,6.27145136720487E-05
59,6.51739492201062,2.50003771383778,6.11150005630831E-05
60,6.52515663269861,2.50003819480851,5.95558798846025E-05
61,6.53275784748531,2.50003865381993,5.80364519205668E-05
62,6.54020188493622,2.50003909187259,5.65559750318806E-05
63,6.54749199491786,2.5000395099237,5.51136834964746E-05
64,6.55463136019531,2.50003990888857,5.37087838352427E-05
65,6.56162309780633,2.50004028964205,5.23404650316818E-05
66,6.56847026048599,2.50004065302006,5.10078977287136E-05
67,6.57517583784522,2.50004099982098,4.97102518803591E-05
68,6.58174275764427,2.50004133080718,4.84467030672178E-05
69,6.58817388707124,2.50004164670649,4.7216436218264E-05
70,6.59447203400453,2.50004194821365,4.60186479538479E-05
71,6.60063994824875,2.50004223599174,4.48525481460008E-05
72,6.60668032274183,2.50004251067355,4.37173609795209E-05
73,6.61259579473445,2.50004277286294,4.26123256648361E-05
74,6.61838894694346,2.50004302313613,4.15366968954103E-05
75,6.62406230868036,2.50004326204288,4.04897451129625E-05
76,6.6296183569561,2.50004349010774,3.94707566268232E-05
77,6.63505951756276,2.50004370783115,3.84790336223168E-05
78,6.64038816613268,2.50004391569055,3.7513894084749E-05
79,6.64560662917572,2.5000441141414,3.65746716596276E-05
80,6.65071718509494,2.50004430361817,3.56607154651402E-05
81,6.65572206518138,2.50004448453533,3.47713898691734E-05
82,6.66062345458811,2.50004465728825,3.39060742404329E-05
83,6.6654234932843,2.50004482225404,3.30641626811393E-05
84,6.67012427698944,2.50004497979241,3.22450637470842E-05
85,6.67472785808833,2.50004513024647,3.14482001593588E-05
86,6.67923624652709,2.50004527394345,3.06730085112822E-05
87,6.68365141069068,2.5000454111955,2.99189389732549E-05
88,6.6879752782623,2.50004554230028,2.91854549973662E-05
89,6.69220973706494,2.50004566754174,2.8472033023297E-05
90,6.69635663588563,2.50004578719063,2.77781621868236E-05
91,6.70041778528258,2.50004590150521,2.71033440317477E-05
92,6.70439495837565,2.50004601073174,2.6447092225901E-05
93,6.70828989162048,2.5000461151051,2.58089322816503E-05
94,6.71210428556662,2.50004621484927,2.51884012812624E-05
95,6.71583980559997,2.50004631017782,2.45850476074364E-05
96,6.71949808266988,2.50004640129445,2.39984306791441E-05
97,6.72308071400122,2.50004648839339,2.34281206926753E-05
98,6.72658926379167,2.50004657165985,2.2873698368165E-05
99,6.73002526389474,2.50004665127043,2.23347547016348E-05
100,6.73339021448846,2.50004672739356,2.18108907222589E-05
101,6.73668558473042,2.5000468001898,2.13017172550049E-05
102,6.73991281339918,2.50004686981228,2.08068546886681E-05
103,6.74307330952243,2.50004693640698,2.03259327489942E-05
104,6.74616845299218,2.50004700011312,1.98585902769407E-05
105,6.7491995951672,2.50004706106343,1.94044750120752E-05
106,6.75216805946304,2.50004711938446,1.89632433808341E-05
107,6.75507514192982,2.50004717519687,1.8534560289568E-05
108,6.75792211181807,2.50004722861569,1.81180989225253E-05
109,6.76071021213291,2.50004727975063,1.77135405444183E-05
110,6.76344066017675,2.50004732870625,1.73205743074968E-05
111,6.7661146480807,2.50004737558225,1.6938897063144E-05
112,6.76873334332516,2.5000474204737,1.65682131778196E-05
113,6.77129788924943,2.50004746347122,1.62082343532597E-05
114,6.77380940555098,2.50004750466121,1.58586794508827E-05
115,6.77626898877427,2.50004754412605,1.55192743203088E-05
116,6.7786777127895,2.50004758194427,1.51897516318728E-05
117,6.78103662926147,2.50004761819074,1.48698507129887E-05
118,6.78334676810877,2.50004765293684,1.45593173883428E-05
119,6.78560913795336,2.50004768625062,1.42579038238269E-05
120,6.78782472656106,2.50004771819696,1.39653683741632E-05
121,6.78999450127267,2.50004774883771,1.368147543399E-05
122,6.79211940942645,2.50004777823183,1.34059952925548E-05
123,6.79420037877162,2.50004780643553,1.31387039918208E-05
124,6.79623831787348,2.50004783350242,1.28793831877088E-05
125,6.79823411651008,2.50004785948359,1.26278200147451E-05
126,6.80018864606069,2.50004788442775,1.23838069538864E-05
127,6.80210275988624,2.50004790838134,1.21471417033762E-05
128,6.80397729370194,2.50004793138863,1.19176270527509E-05
129,6.8058130659421,2.50004795349184,1.1695070759643E-05
130,6.80761087811752,2.50004797473122,1.14792854295491E-05
131,6.80937151516537,2.50004799514513,1.12700883984992E-05
132,6.81109574579196,2.50004801477016,1.10673016184167E-05
133,6.81278432280832,2.5000480336412,1.08707515451779E-05
134,6.81443798345887,2.50004805179148,1.06802690293113E-05
135,6.81605744974336,2.50004806925274,1.04956892093125E-05
136,6.81764342873203,2.5000480860552,1.03168514074165E-05
137,6.81919661287438,2.5000481022277,1.01435990278733E-05
138,6.82071768030146,2.50004811779772,9.97577945762251E-06
139,6.82220729512194,2.50004813279148,9.81324396927505E-06
140,6.82366610771211,2.50004814723398,9.65584762645105E-06
141,6.82509475499978,2.50004816114905,9.50344919129537E-06
142,6.8264938607424,2.50004817455944,9.35591103422371E-06
143,6.82786403579939,2.50004818748683,9.21309904580629E-06
144,6.82920587839883,2.50004819995188,9.07488255065932E-06
145,6.83051997439868,2.50004821197434,8.94113422348902E-06
146,6.83180689754253,2.500048223573,8.81173000708764E-06
147,6.83306720971015,2.50004823476581,8.68654903218912E-06
148,6.83430146116275,2.50004824556989,8.56547353938531E-06
149,6.83551019078326,2.50004825600157,8.44838880282133E-06
150,6.83669392631162,2.50004826607643,8.33518305562775E-06
151,6.83785318457517,2.50004827580933,8.22574741722537E-06
152,6.83898847171432,2.50004828521444,8.11997582235387E-06
153,6.84010028340352,2.5000482943053,8.0177649517552E-06
154,6.84118910506767,2.50004830309483,7.91901416454625E-06
155,6.84225541209407,2.50004831159533,7.82362543213347E-06
156,6.84329967003999,2.50004831981858,7.7315032737628E-06
157,6.84432233483591,2.5000483277758,7.6425546936051E-06
158,6.84532385298458,2.50004833547769,7.5566891193054E-06
159,6.846304661756,2.5000483429345,7.47381834205268E-06
160,6.84726518937829,2.50004835015598,7.39385645801165E-06
161,6.84820585522471,2.50004835715145,7.3167198112262E-06
162,6.8491270699967,2.50004836392982,7.24232693790028E-06
163,6.85002923590323,2.5000483704996,7.17059851195669E-06
164,6.85091274683643,2.50004837686889,7.10145729190966E-06
165,6.85177798854351,2.50004838304546,7.03482806904149E-06
166,6.85262533879522,2.50004838903672,6.9706376167477E-06
167,6.85345516755077,2.50004839484974,6.90881464115854E-06
168,6.85426783711936,2.5000484004913,6.84928973299301E-06
169,6.85506370231838,2.50004840596784,6.79199532053591E-06
170,6.85584311062831,2.50004841128556,6.73686562363131E-06
171,6.85660640234443,2.50004841645036,6.68383660891427E-06
172,6.85735391072539,2.50004842146788,6.63284594614827E-06
173,6.85808596213876,2.50004842634352,6.58383296550856E-06
174,6.85880287620346,2.50004843108245,6.53673861593918E-06
175,6.85950496592935,2.5000484356896,6.4915054245171E-06
176,6.86019253785386,2.50004844016971,6.44807745680662E-06
177,6.86086589217587,2.50004844452728,6.40640027814919E-06
178,6.86152532288673,2.50004844876664,6.36642091589458E-06
179,6.86217111789867,2.50004845289194,6.32808782259354E-06
180,6.86280355917045,2.50004845690714,6.29135084000363E-06
181,6.8634229228305,2.50004846081603,6.25616116397952E-06
182,6.86402947929748,2.50004846462224,6.22247131028539E-06
183,6.86462349339834,2.50004846832927,6.19023508115869E-06
184,6.86520522448392,2.50004847194043,6.15940753272884E-06
185,6.86577492654224,2.50004847545893,6.12994494323737E-06
186,6.86633284830933,2.50004847888783,6.1018047820169E-06
187,6.86687923337788,2.50004848223007,6.07494567918637E-06
188,6.86741432030358,2.50004848548846,6.04932739610234E-06
189,6.86793834270924,2.50004848866569,6.02491079655756E-06
190,6.86845152938685,2.50004849176437,6.00165781865589E-06
191,6.86895410439745,2.50004849478698,5.9795314474193E-06
192,6.86944628716891,2.5000484977359,5.9584956880063E-06
193,6.86992829259181,2.50004850061342,5.93851553961033E-06
194,6.87040033111322,2.50004850342174,5.9195569699868E-06
195,6.87086260882857,2.50004850616297,5.90158689060238E-06
196,6.87131532757167,2.50004850883915,5.88457313242183E-06
197,6.87175868500281,2.50004851145221,5.86848442226528E-06
198,6.87219287469508,2.50004851400405,5.85329035974923E-06
199,6.87261808621882,2.50004851649645,5.83896139479916E-06
200,6.8730345052245,2.50004851893116,5.82546880567114E-06
201,6.87344231352366,2.50004852130983,5.8127846775331E-06
202,6.87384168916838,2.50004852363409,5.80088188163332E-06
203,6.87423280652897,2.50004852590546,5.78973405496367E-06
204,6.8746158363701,2.50004852812544,5.77931558034724E-06
205,6.87499094592539,2.50004853029546,5.76960156708869E-06
206,6.87535829897039,2.5000485324169,5.76056783208949E-06
207,6.87571805589412,2.50004853449109,5.75219088139152E-06
208,6.87607037376907,2.50004853651932,5.74444789223696E-06
209,6.87641540641977,2.50004853850282,5.73731669554261E-06
210,6.87675330449001,2.50004854044279,5.73077575880646E-06
211,6.87708421550852,2.50004854234037,5.72480416941132E-06
212,6.87740828395347,2.50004854419668,5.71938161842058E-06
213,6.8777256513155,2.50004854601279,5.71448838472302E-06
214,6.87803645615951,2.50004854778974,5.71010531952515E-06
215,6.87834083418515,2.50004854952853,5.70621383131099E-06
216,6.87863891828608,2.50004855123012,5.70279587115192E-06
217,6.878930838608,2.50004855289546,5.69983391836244E-06
218,6.87921672260543,2.50004855452544,5.69731096654462E-06
219,6.87949669509742,2.50004855612095,5.69521050999688E-06
220,6.87977087832199,2.50004855768283,5.6935165303803E-06
221,6.88003939198954,2.50004855921189,5.69221348376111E-06
222,6.88030235333507,2.50004856070894,5.69128628800321E-06
223,6.88055987716944,2.50004856217475,5.69072031043952E-06
224,6.88081207592943,2.50004856361005,5.69050135590124E-06
225,6.88105905972684,2.50004856501558,5.69061565502635E-06
226,6.88130093639661,2.50004856639202,5.69104985283762E-06
227,6.88153781154384,2.50004856774007,5.69179099762755E-06
228,6.88176978858996,2.50004856906037,5.69282653008192E-06
229,6.88199696881783,2.50004857035358,5.69414427274823E-06
230,6.88221945141599,2.5000485716203,5.69573241976472E-06
231,6.88243733352197,2.50004857286114,5.69757952679484E-06
232,6.88265071026468,2.50004857407669,5.69967450122143E-06
233,6.88285967480596,2.50004857526751,5.70200659262635E-06
234,6.88306431838125,2.50004857643417,5.70456538350837E-06
235,6.88326473033943,2.50004857757718,5.70734078020961E-06
236,6.88346099818182,2.50004857869708,5.71032300409614E-06
237,6.88365320760039,2.50004857979438,5.71350258294675E-06
238,6.88384144251517,2.50004858086957,5.71687034256736E-06
239,6.8840257851109,2.50004858192312,5.72041739862001E-06
240,6.8842063158729,2.50004858295552,5.72413514869304E-06
241,6.88438311362221,2.5000485839672,5.72801526450538E-06
242,6.88455625555001,2.50004858495863,5.73204968432332E-06
243,6.88472581725135,2.50004858593022,5.73623060560189E-06
244,6.88489187275809,2.5000485868824,5.74055047782154E-06
245,6.88505449457128,2.50004858781559,5.74500199554387E-06
246,6.88521375369278,2.50004858873017,5.74957809155085E-06
247,6.88536971965629,2.50004858962655,5.75427193017716E-06
248,6.88552246055769,2.5000485905051,5.75907690085628E-06
249,6.88567204308476,2.50004859136619,5.76398661183862E-06
250,6.88581853254633,2.50004859221019,5.76899488404862E-06
251,6.88596199290077,2.50004859303745,5.77409574507863E-06
252,6.8861024867839,2.50004859384831,5.77928342338452E-06
253,6.8862400755364,2.50004859464311,5.78455234264119E-06
254,6.8863748192305,2.50004859542218,5.78989711614492E-06
255,6.88650677669628,2.50004859618584,5.79531254144756E-06
256,6.88663600554735,2.5000485969344,5.80079359518685E-06
257,6.88700453130239,2.5000485990747,5.93678264465484E-06
258,6.88785435788615,2.50004860419933,6.3305705442918E-06
259,6.88918565698202,2.50004861269342,6.98588452056854E-06
260,6.89099846293416,2.50004862530048,7.89919908747244E-06
261,6.8932927758985,2.50004864311455,9.0660419952801E-06
262,6.89606858358083,2.50004866758386,1.04816359317002E-05
263,6.89932587166949,2.50004870050875,1.21411751237936E-05
264,6.90306462801146,2.50004874403606,1.40399352950443E-05
265,6.90728484367642,2.50004880065134,1.61733092102836E-05
266,6.91198651268476,2.50004887317052,1.85368110022081E-05
267,6.91716963131218,2.50004896473126,2.11260691925474E-05
268,6.92283419738455,2.50004907878441,2.39368171262649E-05
269,6.92898020971334,2.50004921908559,2.69648842100034E-05
270,6.93560766769593,2.50004938968686,3.02061889205819E-05
271,6.94271657105586,2.50004959492869,3.36567335486778E-05
272,6.95030691968549,2.50004983943219,3.73126003146719E-05
273,6.95837871355678,2.50005012809156,4.11699484568976E-05
274,6.96693195267414,2.50005046606698,4.522501196188E-05
275,6.97596663705161,2.50005085877765,4.94740976972352E-05
276,6.98548276670316,2.50005131189523,5.39135837880489E-05
277,6.99548034163949,2.50005183133734,5.85399181375287E-05
278,7.00595936186766,2.50005242326137,6.33496170335522E-05
279,7.01691982739183,2.50005309405836,6.83392638087496E-05
280,7.02836173821404,2.50005385034712,7.35055075370456E-05
281,7.04028509433506,2.50005469896841,7.88450617585159E-05
282,7.05268989575479,2.50005564697928,8.43547032288327E-05
283,7.06557614247271,2.50005670164752,9.00312706919572E-05
284,7.07894383448795,2.5000578704463,9.58716636754766E-05
285,7.09269460153302,2.50005915117353,0.000101083534668
286,7.1066034212988,2.5000605165142,0.000104876683125
287,7.12046137165535,2.50006193636442,0.00010735895119
288,7.13414478631178,2.50006338110619,0.00010874548604
289,7.14759471477594,2.500064828218,0.000109250859074
290,7.16078755923238,2.50006626146685,0.000109064417786
291,7.17371619044151,2.50006766931485,0.000108344491976
292,7.18638058590945,2.50006904367891,0.00010721944218
293,7.19878376412154,2.50007037905307,0.000105791377761
294,7.21093008838998,2.50007167186722,0.000104140641014
295,7.2228245189691,2.50007292000005,0.000102330017318
296,7.23447224412698,2.50007412240457,0.000100408326263
297,7.24587848386669,2.50007527882189,9.84133636114187E-05
298,7.2570483874447,2.50007638956481,9.6374268579146E-05
299,7.26798698620084,2.50007745535534,9.43134102288963E-05
300,7.27869917797707,2.50007847720347,9.2247880102014E-05
301,7.28918972771845,2.50007945631669,9.01906663170312E-05
302,7.2994632748916,2.50008039403265,8.81515725900986E-05
303,7.30952434264349,2.50008129176899,8.61379348865507E-05
304,7.31937734634932,2.50008215098619,8.4155178800019E-05
305,7.32902660073056,2.50008297316012,8.2207252354743E-05
306,7.33847632547594,2.50008375976195,8.02969617952668E-05
307,7.34773064959988,2.50008451224358,7.84262320379601E-05
308,7.35679361484652,2.5000852320273,7.65963087031338E-05
309,7.36566917842012,2.50008592049856,7.48079148728587E-05
310,7.37436121526279,2.50008657900108,7.30613727598852E-05
311,7.38287352003842,2.50008720883378,7.1356698169296E-05
312,7.39120980893012,2.50008781124903,6.96936738509915E-05
313,7.39937372131974,2.50008838745181,6.80719064620905E-05
314,7.40736882139135,2.50008893859968,6.64908707943835E-05
315,7.41519859968254,2.50008946580319,6.49499441004024E-05
316,7.42286647459702,2.50008997012675,6.34484327169911E-05
317,7.43037579384638,2.50009045258969,6.19855961971817E-05
318,7.43772983587993,2.50009091416772,6.056066612904E-05
319,7.44493181128378,2.50009135579392,5.91728657741975E-05
320,7.45198486432871,2.50009177836084,5.7821387774411E-05
321,7.45889207451306,2.50009218272163,5.65054104580639E-05
322,7.46565645767383,2.50009256969155,5.52241079237025E-05
323,7.47228096726365,2.5000929400495,5.39766590777852E-05
324,7.47876849562949,2.50009329453943,5.27622518885125E-05
325,7.48512187528333,2.50009363387189,5.15800859381719E-05
326,7.49134388014978,2.50009395872539,5.04293740507051E-05
327,7.49743722678537,2.50009426974783,4.93093433687436E-05
328,7.50340457556963,2.50009456755786,4.82192360658466E-05
329,7.50924853186923,2.5000948527461,4.71583097983733E-05
330,7.51497164717682,2.50009512587647,4.61258379648263E-05
331,7.52057642022571,2.50009538748735,4.51211098202111E-05
332,7.52606529808107,2.5000956380927,4.41434304800138E-05
333,7.53144067720848,2.50009587818319,4.31921208406734E-05
334,7.53670490452023,2.50009610822724,4.22665174372947E-05
335,7.54186027839998,2.50009632867201,4.13659722539201E-05
336,7.54690904970619,2.50009653994438,4.04898524989302E-05
337,7.5518534227548,2.50009674245186,3.9637540355056E-05
338,7.55669555628159,2.50009693658347,3.88084327111599E-05
339,7.56143756438465,2.50009712271058,3.80019408815421E-05
340,7.56608151744733,2.50009730118768,3.72174903172235E-05
341,7.57062944304218,2.5000974723532,3.64545203126095E-05
342,7.57508332681611,2.50009763653021,3.57124837099693E-05
343,7.57944511335732,2.50009779402712,3.4990846603888E-05
344,7.58371670704428,2.50009794513834,3.4289088047173E-05
345,7.58789997287716,2.50009809014492,3.36066997593521E-05
346,7.59199673729207,2.5000982293152,3.29431858386146E-05
347,7.59600878895845,2.50009836290531,3.22980624777621E-05
348,7.59993787956,2.50009849115979,3.16708576848916E-05
349,7.60378572455945,2.50009861431211,3.10611110089922E-05
350,7.60755400394752,2.50009873258512,3.04683732704063E-05
351,7.61124436297639,2.50009884619163,2.98922062968426E-05
352,7.61485841287798,2.50009895533476,2.93321826646711E-05
353,7.61839773156745,2.50009906020849,2.87878854456113E-05
354,7.62186386433209,2.50009916099798,2.8258907958821E-05
355,7.62525832450595,2.50009925788004,2.7744853528399E-05
356,7.62858259413063,2.50009935102348,2.72453352462837E-05
357,7.63183812460224,2.50009944058948,2.67599757404443E-05
358,7.63502633730517,2.50009952673195,2.62884069482945E-05
359,7.63814862423259,2.50009960959785,2.58302698950045E-05
360,7.64120634859422,2.50009968932749,2.53852144771043E-05
361,7.6442008454115,2.50009976605489,2.49528992511126E-05
362,7.64713342210046,2.50009983990801,2.45329912267083E-05
363,7.65000535904254,2.50009991100906,2.41251656648567E-05
364,7.65281791014358,2.50009997947473,2.37291058806666E-05
365,7.6555723033813,2.50010004541649,2.33445030505873E-05
366,7.65826974134144,2.50010010894079,2.29710560243088E-05
367,7.66091140174277,2.50010017014931,2.26084711410118E-05
368,7.66349843795132,2.50010022913915,2.22564620497564E-05
369,7.66603197948392,2.5001002860031,2.19147495340113E-05
370,7.66851313250135,2.50010034082975,2.15830613403997E-05
371,7.67094298029132,2.50010039370375,2.12611320115676E-05
372,7.67332258374137,2.50010044470599,2.09487027226709E-05
373,7.67565298180213,2.50010049391371,2.06455211218082E-05
374,7.67793519194087,2.50010054140074,2.03513411742558E-05
375,7.68017021058576,2.50010058723761,2.00659230102366E-05
376,7.6823590135609,2.50010063149171,1.97890327763232E-05
377,7.68450255651237,2.50010067422746,1.95204424903579E-05
378,7.68660177532545,2.5001007155064,1.9259929899605E-05
379,7.68865758653329,2.50010075538735,1.90072783424069E-05
380,7.69067088771698,2.50010079392654,1.87622766130645E-05
381,7.69264255789752,2.50010083117771,1.85247188298359E-05
382,7.69457345791955,2.50010086719224,1.82944043060994E-05
383,7.69646443082721,2.50010090201923,1.80711374244048E-05
384,7.69831630223225,2.50010093570566,1.78547275136666E-05
385,7.70012988067443,2.5001009682964,1.76449887292038E-05
386,7.7019059579746,2.50010099983441,1.74417399355596E-05
387,7.70364530958036,2.50010103036073,1.72448045920733E-05
388,7.70534869490466,2.50010105991463,1.70540106411682E-05
389,7.70701685765733,2.50010108853368,1.68691903993527E-05
390,7.70865052616982,2.50010111625381,1.66901804507203E-05
391,7.71025041371316,2.50010114310938,1.65168215429251E-05
392,7.71181721880941,2.5001011691333,1.63489584857043E-05
393,7.71335162553661,2.50010119435702,1.61864400517461E-05
394,7.71485430382748,2.50010121881067,1.60291188799406E-05
395,7.71632590976188,2.50010124252307,1.58768513809675E-05
396,7.71776708585328,2.50010126552182,1.57294976449746E-05
397,7.71917846132931,2.50010128783333,1.55869213515181E-05
398,7.72056065240641,2.50010130948289,1.54489896817197E-05
399,7.72191426255896,2.50010133049472,1.53155732324364E-05
400,7.72323988278269,2.50010135089202,1.51865459323224E-05
401,7.72453809185276,2.50010137069699,1.50617849601198E-05
402,7.72580945657644,2.50010138993093,1.49411706649815E-05
403,7.72705453204056,2.50010140861422,1.48245864883557E-05
404,7.72827386185389,2.5001014267664,1.47119188878131E-05
405,7.7294679783845,2.5001014444062,1.46030572628709E-05
406,7.73063740299213,2.50010146155156,1.44978938824466E-05
407,7.73178264625588,2.50010147821969,1.4396323814069E-05
408,7.73290420819713,2.50010149442709,1.42982448548084E-05
409,7.73400257849779,2.50010151018958,1.4203557463802E-05
410,7.73507823671417,2.50010152552233,1.41121646964177E-05
411,7.73613165248634,2.50010154043991,1.40239721400596E-05
412,7.73716328574313,2.50010155495628,1.39388878513504E-05
413,7.738173586903,2.50010156908484,1.38568222948346E-05
414,7.73916299707067,2.50010158283846,1.37776882833697E-05
415,7.74013194822969,2.50010159622948,1.37014009197735E-05
416,7.74108086343108,2.50010160926978,1.36278775398106E-05
417,7.74201015697803,2.50010162197073,1.35570376566589E-05
418,7.74292023460675,2.50010163434328,1.34888029067588E-05
419,7.74381149366367,2.50010164639794,1.34230969968012E-05
420,7.74468432327891,2.5001016581448,1.33598456520926E-05
421,7.74553910453613,2.50010166959357,1.32989765661714E-05
422,7.74637621063898,2.50010168075359,1.32404193515192E-05
423,7.747196007074,2.50010169163382,1.31841054915336E-05
424,7.74799885177023,2.5001017022429,1.31299682937827E-05
425,7.74878509525542,2.50010171258913,1.30779428442499E-05
426,7.74955508080916,2.50010172268049,1.3027965962691E-05
427,7.75030914461269,2.50010173252467,1.29799761590908E-05
428,7.75104761589569,2.50010174212906,1.29339135910844E-05
429,7.75177081708006,2.50010175150081,1.28897200225223E-05
430,7.75247906392065,2.50010176064675,1.28473387830764E-05
431,7.75317266564315,2.50010176957351,1.28067147287332E-05
432,7.75385192507907,2.50010177828745,1.27677942031697E-05
433,7.75451713879799,2.50010178679471,1.27305250001949E-05
434,7.75516859723703,2.50010179510119,1.2694856327113E-05
435,7.75580658482766,2.50010180321262,1.26607387689401E-05
436,7.75643138011986,2.50010181113449,1.26281242533887E-05
437,7.75704325590378,2.50010181887209,1.25969660168644E-05
438,7.75764247932882,2.50010182643057,1.25672185711597E-05
439,7.75822931202026,2.50010183381485,1.25388376710649E-05
440,7.7588040101935,2.5001018410297,1.25117802827276E-05
441,7.75936682476592,2.50010184807974,1.24860045526811E-05
442,7.75991800146645,2.50010185496942,1.2461469777702E-05
443,7.76045778094283,2.50010186170303,1.24381363756164E-05
444,7.76098639886668,2.50010186828473,1.24159658565726E-05
445,7.76150408603642,2.50010187471853,1.23949207948701E-05
446,7.76201106847803,2.50010188100833,1.23749648018726E-05
447,7.76250756754372,2.50010188715786,1.23560624993747E-05
448,7.76299380000857,2.50010189317077,1.23381794935638E-05
449,7.76346997816522,2.50010189905057,1.23212823496758E-05
450,7.76393630991649,2.50010190480066,1.23053385673244E-05
451,7.76439299886622,2.50010191042433,1.22903165564724E-05
452,7.76484024440811,2.50010191592478,1.22761856138431E-05
453,7.76527824181282,2.5001019213051,1.22629158999942E-05
454,7.7657071823132,2.50010192656827,1.22504784170063E-05
455,7.76612725318777,2.50010193171719,1.2238844986587E-05
456,7.76653863784254,2.50010193675469,1.22279882288027E-05
457,7.76694151589104,2.50010194168348,1.22178815413682E-05
458,7.76733606323274,2.5001019465062,1.22084990794149E-05
459,7.76772245212989,2.50010195122543,1.21998157357121E-05
460,7.76810085128268,2.50010195584364,1.21918071214497E-05
461,7.76847142590294,2.50010196036326,1.21844495474563E-05
462,7.76883433778623,2.50010196478662,1.2177720005858E-05
463,7.76918974538253,2.50010196911601,1.21715961523001E-05
464,7.76953780386538,2.50010197335363,1.21660562884681E-05
465,7.76987866519964,2.50010197750163,1.2161079345103E-05
466,7.77021247820784,2.50010198156209,1.21566448654677E-05
467,7.77053938863518,2.50010198553705,1.21527329892119E-05
468,7.77085953921313,2.50010198942847,1.2149324436652E-05
469,7.77117306972175,2.50010199323827,1.21464004933479E-05
470,7.77148011705075,2.50010199696832,1.21439429952378E-05
471,7.77178081525923,2.50010200062042,1.2141934314011E-05
472,7.7720752956342,2.50010200419634,1.2140357342788E-05
473,7.77236368674796,2.50010200769779,1.21391954823669E-05
474,7.77264611451415,2.50010201112646,1.21384326276601E-05
475,7.7729227022428,2.50010201448395,1.21380531544825E-05
476,7.77319357069412,2.50010201777186,1.2138041906705E-05
477,7.77345883813124,2.50010202099173,1.21383841837795E-05
478,7.77371862037187,2.50010202414505,1.21390657285542E-05
479,7.77397303083882,2.5001020272333,1.21400727152788E-05
480,7.77422218060955,2.5001020302579,1.21413917379102E-05
481,7.77446617846466,2.50010203322023,1.21430097988775E-05
482,7.7747051309354,2.50010203612166,1.2144914298149E-05
483,7.77493914235016,2.50010203896351,1.21470930224137E-05
484,7.77516831488003,2.50010204174705,1.21495341346376E-05
485,7.77539274858339,2.50010204447355,1.21522261638135E-05
486,7.77561254144964,2.50010204714424,1.21551579949967E-05
487,7.77582778944195,2.50010204976031,1.21583188595844E-05
488,7.77603858653915,2.50010205232292,1.21616983259114E-05
489,7.7762450247768,2.50010205483321,1.21652862899953E-05
490,7.77644719428733,2.5001020572923,1.216907296658E-05
491,7.77664518333943,2.50010205970127,1.2173048880472E-05
492,7.77683907837656,2.50010206206118,1.21772048578612E-05
493,7.7770289640547,2.50010206437306,1.21815320180068E-05
494,7.77721492327932,2.50010206663792,1.21860217653012E-05
495,7.77739703724159,2.50010206885676,1.21906657813307E-05
496,7.77757538545377,2.50010207103052,1.21954560171257E-05
497,7.777750045784,2.50010207316016,1.2200384685701E-05
498,7.77792109449026,2.50010207524659,1.22054442547471E-05
499,7.77808860625365,2.50010207729072,1.22106274395406E-05
500,7.77825265421103,2.50010207929341,1.22159271959771E-05
501,7.77841330998693,2.50010208125554,1.22213367139304E-05
502,7.77857064372485,2.50010208317793,1.22268494105654E-05
503,7.77872472411783,2.50010208506142,1.22324589239828E-05
504,7.77887561843849,2.50010208690679,1.22381591070366E-05
505,7.77902339256841,2.50010208871485,1.22439440211426E-05
506,7.77916811102683,2.50010209048634,1.224980793042E-05
507,7.7793098369989,2.50010209222203,1.22557452958855E-05
508,7.7794486323632,2.50010209392265,1.22617507699326E-05
509,7.77958455771881,2.50010209558892,1.22678191908266E-05
510,7.77971767241172,2.50010209722153,1.22739455773389E-05
511,7.77984803456079,2.50010209882118,1.22801251236911E-05
512,7.7799770636822,2.50010210972207,0.000558477125575
513,7.7801061495097,2.50010221175746,0.002188470741697
514,7.78023529150065,2.50010246820621,0.004879835340399
515,7.78036448604431,2.50010300512885,0.008612311776059
516,7.78049372728868,2.50010395448455,0.013366024253721
517,7.78062300693318,2.50010544895802,0.019121475222939
518,7.78075231398004,2.50010761982446,0.025859538944302
519,7.78088163447353,2.50011059607428,0.033561454670543
520,7.78101095124372,2.50011450405719,0.042208819776752
521,7.78114024366416,2.50011946732978,0.051783582957357
522,7.78126948742834,2.50012560657086,0.062268037530149
523,7.78139865434716,2.50013303950685,0.073644814860106
524,7.78152771216867,2.5001418808244,0.085896877905976
525,7.78165662442033,2.50015224206278,0.09900751488914
526,7.78178535027422,2.5001642314851,0.112960333083095
527,7.78191384443517,2.50017795392995,0.127739252721495
528,7.78204205705198,2.50019351064576,0.143328501022548
529,7.78216993365195,2.5002109991102,0.159712606327606
530,7.78229741509879,2.50023051283673,0.176876392351742
531,7.78242443757412,2.50025214117017,0.194804972544202
532,7.78255093258289,2.50027596907295,0.213483744556605
533,7.78267682698275,2.50030207690358,0.23289838481684
534,7.78280204303766,2.50033054018895,0.253034843206629
535,7.78292649849592,2.50036142939181,0.27387933784077
536,7.78303769956239,2.50039101182305,0.295370043345744
537,7.7831253330988,2.50041617027259,0.31734017851313
538,7.78319592388461,2.5004381272698,0.339585899357816
539,7.78325665634342,2.50045859999075,0.361943861988112
540,7.78331194644372,2.50047870867871,0.384289673843903
541,7.78336399212795,2.50049901715281,0.406528972723408
542,7.78341378470104,2.50051975981649,0.428590364029056
543,7.78346176668218,2.50054101399208,0.450420142128653
544,7.78350815092917,2.50056278979528,0.471978292303155
545,7.78355305324998,2.50058506844796,0.493235417348627
546,7.78359654449499,2.50060781717238,0.514170356227293
547,7.78363867250309,2.50063099553662,0.534768332572966
548,7.78367947304577,2.5006545590309,0.555019513235247
549,7.78371897604254,2.50067846155302,0.574917885562342
550,7.78375720912892,2.50070265716403,0.594460382887009
551,7.78379419953482,2.50072710122906,0.613646203417879
552,7.78382997491216,2.5007517510722,0.632476279873014
553,7.78386456357014,2.50077656629154,0.650952866613
554,7.78389799442033,2.50080150886206,0.669079218363286
555,7.78393029680849,2.5008265431196,0.68685934032813
556,7.78396150032423,2.50085163568579,0.704297793950903
557,7.78399163462812,2.50087675536831,0.721399546046126
558,7.78402072930888,2.50090187305454,0.738169851734081
559,7.78404881377038,2.50092696160699,0.754614163717978
560,7.78407591714409,2.5009519957636,0.77073806208791
561,7.78410206822106,2.50097695204348,0.786547200117656
562,7.78412729539879,2.50100180865776,0.802047262519771
563,7.78415162663895,2.50102654542473,0.81724393340348
564,7.78417508943339,2.50105114368858,0.832142871787332
565,7.78419771077638,2.5010755862414,0.846749692992092
566,7.78421951714181,2.50109985724792,0.861069954608558
567,7.78424053446463,2.50112394217295,0.875109146022836
568,7.78426078812575,2.50114782771142,0.888872680705966
569,7.78428030294006,2.5011715017209,0.902365890649778
570,7.78429910314722,2.50119495315682,0.91559402246724
571,7.78431721240506,2.5012181720101,0.928562234781863
572,7.78433465378507,2.50124114924749,0.941275596613673
573,7.78435144977016,2.50126387675435,0.95373908653385
574,7.78436762225413,2.5012863472801,0.96595759241052
575,7.78438319254291,2.50130855438606,0.977935911607487
576,7.78439818135725,2.50133049239575,0.989678751528272
577,7.78441260883687,2.50135215634764,1.00119073042172
578,7.78442649454566,2.50137354195016,1.01247637838406
579,7.78443985747806,2.50139464553896,1.0235401385067
580,7.78445271606633,2.50141546403636,1.03438636813056
581,7.78446508818866,2.50143599491289,1.04501934017623
582,7.78447699117791,2.5014562361508,1.05544324452654
583,7.78448844183108,2.50147618620953,1.06566218944289
584,7.7844994564192,2.50149584399303,1.07568020300165
585,7.78451005069767,2.50151520881884,1.08550123453923
586,7.78452023991702,2.50153428038886,1.09512915609791
587,7.78453003883385,2.50155305876173,1.10456776386571
588,7.7845394617221,2.50157154432675,1.11382077960562
589,7.78454852238441,2.50158973777931,1.12289185207044
590,7.78455723416368,2.50160764009763,1.13178455840051
591,7.78456560995464,2.50162525252094,1.1405024055023
592,7.78457366221543,2.50164257652888,1.14904883140639
593,7.7845814029793,2.50165961382203,1.15742720660385
594,7.78458884386611,2.50167636630375,1.16564083536028
595,7.7845959960939,2.50169283606293,1.1736929570071
596,7.78460287049026,2.50170902535791,1.18158674720984
597,7.78460947750368,2.50172493660128,1.1893253192134
598,7.78461582721471,2.50174057234566,1.19691172506424
599,7.78462192934693,2.50175593527037,1.20434895680975
600,7.78462779327788,2.50177102816886,1.21163994767481
601,7.78463342804963,2.501785853937,1.21878757321604
602,7.78463884237935,2.50180041556209,1.22579465245379
603,7.78464404466949,2.50181471611255,1.23266394898238
604,7.78464904301792,2.50182875872832,1.23939817205874
605,7.78465384522773,2.50184254661182,1.24599997766997
606,7.78465845881687,2.50185608301963,1.25247196958012
607,7.78466289102752,2.50186937125454,1.25881670035648
608,7.78466714883534,2.50188241465834,1.26503667237585
609,7.78467123895831,2.50189521660494,1.27113433881113
610,7.78467516786552,2.50190778049404,1.27711210459854
611,7.78467894178561,2.50192010974524,1.28297232738594
612,7.78468256671506,2.50193220779255,1.2887173184625
613,7.78468604842615,2.50194407807931,1.29434934367012
614,7.78468939247484,2.50195572405345,1.29987062429701
615,7.78469260420825,2.50196714916313,1.30528333795367
616,7.78469568877208,2.50197835685273,1.31058961943167
617,7.78469865111771,2.50198935055903,1.31579156154558
618,7.7847014960091,2.50200013370787,1.32089121595834
619,7.78470422802952,2.50201070971089,1.3258905939904
620,7.784706851588,2.50202108196267,1.33079166741296
621,7.78470937092567,2.50203125383802,1.33559636922566
622,7.7847117901218,2.50204122868955,1.34030659441888
623,7.7847141130997,2.50205100984541,1.34492420072119
624,7.78471634363242,2.50206060060727,1.34945100933196
625,7.78471848534827,2.50207000424844,1.3538888056397
626,7.78472054173612,2.5020792240122,1.3582393399262
627,7.78472251615059,2.50208826311028,1.36250432805679
628,7.78472441181696,2.5020971247215,1.36668545215718
629,7.78472623183602,2.50210581199053,1.37078436127678
630,7.78472797918873,2.5021143280268,1.37480267203918
631,7.78472965674062,2.50212267590354,1.3787419692797
632,7.78473126724618,2.50213085865692,1.38260380667045
633,7.78473281335303,2.50213887928533,1.38638970733312
634,7.7847342976059,2.5021467407487,1.39010116443971
635,7.78473572245056,2.50215444596798,1.39373964180143
636,7.78473709023752,2.50216199782469,1.39730657444601
637,7.7847384032257,2.50216939916049,1.40080336918371
638,7.78473966358584,2.50217665277693,1.40423140516216
639,7.78474087340392,2.50218376143522,1.4075920344103
640,7.78474203468436,2.502190727856,1.41088658237162
641,7.78474314935313,2.50219755471931,1.41411634842693
642,7.78474421926078,2.50220424466448,1.41728260640683
643,7.78474524618529,2.50221080029018,1.4203866050941
644,7.78474623183493,2.50221722415443,1.42342956871625
645,7.78474717785085,2.50222351877472,1.42641269742837
646,7.78474808580974,2.50222968662812,1.42933716778641
647,7.78474895722627,2.50223573015147,1.4322041332113
648,7.78474979355551,2.50224165174161,1.43501472444381
649,7.78475059619524,2.50224745375554,1.43777004999052
650,7.78475136648814,2.50225313851077,1.44047119656106
651,7.78475210572395,2.50225870828557,1.44311922949666
652,7.78475281514153,2.5022641653193,1.44571519319036
653,7.78475349593082,2.50226951181274,1.4482601114989
654,7.78475414923474,2.50227474992843,1.45075498814654
655,7.78475477615105,2.50227988179112,1.45320080712097
656,7.78475537773409,2.50228490948805,1.45559853306131
657,7.78475595499646,2.50228983506946,1.45794911163866
658,7.78475650891071,2.50229466054893,1.46025346992903
659,7.78475704041081,2.50229938790388,1.46251251677897
660,7.78475755039376,2.50230401907596,1.46472714316406
661,7.78475803972096,2.50230855597148,1.46689822254028
662,7.78475850921967,2.50231300046195,1.46902661118854
663,7.78475895968428,2.50231735438446,1.47111314855236
664,7.78475939187766,2.50232161954219,1.47315865756897
665,7.78475980653238,2.50232579770484,1.4751639449939
666,7.78476020435187,2.50232989060918,1.47712980171912
667,7.78476058601164,2.50233389995945,1.479057003085
668,7.78476095216028,2.50233782742786,1.48094630918611
669,7.78476130342061,2.50234167465513,1.482798465171
670,7.78476164039063,2.50234544325086,1.48461420153609
671,7.78476196364456,2.50234913479412,1.48639423441376
672,7.78476227373373,2.50235275083386,1.48813926585482
673,7.78476257118748,2.50235629288942,1.4898499841054
674,7.78476285651409,2.50235976245099,1.49152706387839
675,7.78476313020153,2.5023631609801,1.49317116661953
676,7.78476339271832,2.50236648991008,1.49478294076834
677,7.7847636445143,2.50236975064653,1.4963630220138
678,7.78476388602133,2.50237294456781,1.49791203354512
679,7.78476411765403,2.50237607302548,1.49943058629751
680,7.78476433981046,2.50237913734473,1.50091927919312
681,7.78476455287277,2.50238213882491,1.50237869937728
682,7.78476475720786,2.50238507873992,1.50380942245007
683,7.78476495316792,2.50238795833867,1.50521201269331
684,7.78476514109108,2.50239077884553,1.50658702329317
685,7.78476532130193,2.50239354146076,1.50793499655828
686,7.78476549411208,2.50239624736095,1.50925646413369
687,7.78476565982066,2.50239889769942,1.51055194721048
688,7.78476581871483,2.50240149360668,1.51182195673139
689,7.78476597107023,2.50240403619083,1.51306699359228
690,7.78476611715146,2.50240652653794,1.51428754883971
691,7.78476625721253,2.50240896571252,1.51548410386463
692,7.78476639149725,2.50241135475783,1.5166571305922
693,7.78476652023965,2.50241369469638,1.51780709166795
694,7.7847666436644,2.50241598653023,1.51893444064024
695,7.78476676198712,2.50241823124141,1.52003962213914
696,7.78476687541479,2.50242042979229,1.5211230720518
697,7.78476698414608,2.50242258312596,1.52218521769434
698,7.78476708837168,2.5024246921666,1.52322647798044
699,7.78476718827461,2.50242675781979,1.52424726358649
700,7.78476728403056,2.50242878097294,1.52524797711361
701,7.78476737580813,2.50243076249559,1.52622901324644
702,7.78476746376916,2.50243270323976,1.52719075890878
703,7.78476754806896,2.5024346040403,1.5281335934162
704,7.78476762885661,2.50243646571519,1.52905788862565
705,7.78476770627519,2.50243828906591,1.52996400908213
706,7.78476778046201,2.50244007487773,1.53085231216244
707,7.78476785154884,2.50244182392005,1.53172314821616
708,7.78476791966217,2.50244353694667,1.53257686070382
709,7.78476798492338,2.50244521469614,1.53341378633234
710,7.78476804744896,2.50244685789201,1.53423425518788
711,7.78476810735068,2.50244846724319,1.53503859086596
712,7.78476816473584,2.50245004344416,1.53582711059915
713,7.78476821970739,2.50245158717533,1.53660012538214
714,7.78476827236411,2.50245309910324,1.53735794009443
715,7.78476832280083,2.50245457988092,1.53810085362056
716,7.78476837110853,2.50245603014808,1.53882915896797
717,7.7847684173745,2.50245745053143,1.53954314338263
718,7.78476846168252,2.50245884164489,1.54024308846225
719,7.78476850411298,2.50246020408989,1.54092927026741
720,7.78476854474302,2.50246153845559,1.54160195943037
721,7.78476858364666,2.50246284531914,1.5422614212619
722,7.78476862089492,2.50246412524591,1.54290791585583
723,7.78476865655595,2.50246537878972,1.54354169819167
724,7.78476869069513,2.50246660649309,1.54416301823519
725,7.78476872337521,2.50246780888745,1.54477212103699
726,7.78476875465637,2.50246898649338,1.54536924682914
727,7.78476878459637,2.50247013982081,1.54595463111995
728,7.78476881325062,2.50247126936923,1.54652850478684
729,7.7847688406723,2.50247237562792,1.54709109416739
730,7.78476886691239,2.50247345907616,1.54764262114863
731,7.78477436586902,2.50271511607344,1.54818359249737
732,7.78479067502987,2.50343795265829,1.54871450207403
733,7.78481733962654,2.50464214954927,1.54923555152125
734,7.78485387972011,2.50632775119931,1.54974693169409
735,7.78489981590448,2.50849476768851,1.55024882870583
736,7.78495467726168,2.51114319618438,1.55074142460747
737,7.78501800447326,2.51427303127287,1.55122489774454
738,7.78508935085246,2.51788426911424,1.55169942297467
739,7.78516828248247,2.52197690852258,1.55216517181218
740,7.78525437798844,2.52655095072333,1.55262231252735
741,7.78534722818034,2.53160639869094,1.55307101021686
742,7.78544643566989,2.5371432564761,1.55351142685782
743,7.78555161450164,2.54316152867098,1.55394372135415
744,7.78566238980969,2.54966122003683,1.55436804958101
745,7.78577839749937,2.55664233526907,1.5547845644302
746,7.78589928394941,2.5641048788628,1.55519341585752
747,7.78602470572995,2.57204885504469,1.55559475093217
748,7.78615432933249,2.58047426774572,1.55598871388775
749,7.78628783090904,2.58938112059696,1.55637544617415
750,7.78642489601883,2.59876941693751,1.55675508650979
751,7.78656521938171,2.60863915982799,1.5571277709337
752,7.7867085046374,2.61899035206605,1.55749363285718
753,7.78685446411066,2.62982299620214,1.5578528031147
754,7.78700281858187,2.64113709455459,1.55820541001404
755,7.78715329706323,2.652932649224,1.55855157938552
756,7.7873056365802,2.66520966210659,1.55889143463024
757,7.78745958195838,2.67796813490677,1.55922509676746
758,7.78761488561548,2.69120806914893,1.55955268448101
759,7.78777130735848,2.70492946618856,1.55987431416479
760,7.78792861418567,2.7191323272227,1.56019009996735
761,7.78808658009374,2.73381665329983,1.56050015383562
762,7.78824498588951,2.74898244532933,1.56080458555779
763,7.78840361900637,2.76462970409025,1.56110350280525
764,7.78856227332531,2.78075843023979,1.56139701117386
765,7.78872074900033,2.79736862432124,1.56168521422424
766,7.7888788522883,2.81446028677153,1.5619682135214
767,7.78903639538292,2.83203341792832,1.5622461086735
768,7.78919319625293,2.85008801803682,1.56251899736993
769,7.78934907848433,2.86862408725612,1.56278697541856
770,7.78950387112652,2.88764162566526,1.56305013678231
771,7.78965740854234,2.90714063326893,1.563308573615
772,7.78980953026178,2.92712111000287,1.56356237629648
773,7.78996008083948,2.94758305573896,1.56381163346706
774,7.79010890971571,2.96852647029005,1.5640564320613
775,7.79025587108091,2.98995135341447,1.56429685734111
776,7.79040082374358,3.01185770482035,1.56453299292821
777,7.79054363100157,3.03424552416967,1.56476492083595
778,7.79068416051656,3.05711481108204,1.56499272150053
779,7.79082228419179,3.08046556513831,1.56521647381154
780,7.79095787805275,3.10429778588395,1.565436255142
781,7.79109082213108,3.12861147283226,1.56565214137772
782,7.79122100035124,3.15340662546734,1.56586420694616
783,7.79134830042018,3.1786832432469,1.56607252484466
784,7.79147261371974,3.20444132560495,1.56627716666817
785,7.79159383520189,3.23068087195428,1.56647820263639
786,7.79171186328653,3.25740188168876,1.56667570162044
787,7.79182659976195,3.28460435418559,1.56686973116894
788,7.7919379496879,3.3122882888073,1.56706035753364
789,7.79204582130105,3.34045368490372,1.56724764569448
790,7.79215012592291,3.36910054181376,1.56743165938425
791,7.79225077787015,3.39822885886712,1.56761246111268
792,7.79234769436719,3.42783863538583,1.56779011219014
793,7.79244079546107,3.45792987068574,1.56796467275079
794,7.79253000393849,3.48850256407792,1.56813620177536
795,7.79261524524503,3.51955671486988,1.56830475711341
796,7.79269644740647,3.55109232236683,1.56847039550526
797,7.79277354095207,3.58310938587272,1.56863317260335
798,7.79284645883998,3.61560790469131,1.56879314299331
799,7.79291513638446,3.64858787812711,1.56895036021455
800,7.79297951118509,3.68204930548627,1.56910487678048
801,7.7930395230578,3.71599218607737,1.56925674419831
802,7.79309511396769,3.75041651921221,1.56940601298847
803,7.79314622796363,3.78532230420645,1.56955273270368
804,7.79319281111459,3.82070954038031,1.56969695194761
805,7.7932348114476,3.85657822705909,1.56983871839321
806,7.79327217888741,3.89292836357375,1.56997807880064
807,7.79330486519768,3.92975994926138,1.5701150790349
808,7.7933328239238,3.96707298346561,1.5702497640831
809,7.79335601033713,4.00486746553708,1.57038217807133
810,7.79337438138081,4.04314339483372,1.57051236428136
811,7.793387895617,4.08190077072113,1.5706403651668
812,7.79339651317544,4.12113959257286,1.57076622236917
813,7.79340019570351,4.16085985977063,1.57088997673344
814,7.79339890631754,4.2010615717046,1.57101166832348
815,7.79339260955549,4.24174472777355,1.57113133643702
816,7.79338127133082,4.28290932738505,1.57124901962044
817,7.79336485888768,4.32455536995558,1.57136475568326
818,7.79334334075729,4.36668285491069,1.57147858171227
819,7.79331668671548,4.4092917816851,1.57159053408549
820,7.79328486774141,4.45238214972274,1.57170064848578
821,7.7932478559774,4.49595395847682,1.57180895991422
822,7.79320588760401,4.53976655863885,1.57191536861268
823,7.7931592327269,4.5835792907383,1.57201977794816
824,7.79310796444028,4.62739198916218,1.57212221590433
825,7.79305216538953,4.67120461860106,1.57222271821122
826,7.792991919682,4.71501717824798,1.57232132102909
827,7.79292731100325,4.75882968005232,1.57241806030323
828,7.7928584218561,4.80264213819315,1.57251297146868
829,7.79278533327461,4.84645456481839,1.57260608932564
830,7.79270812474057,4.89026696891223,1.57269744799808
831,7.79262687418395,4.93407935651526,1.57278708093144
832,7.79254165801475,4.97789173138715,1.57287502090643
833,7.79245255116344,5.02170409569737,1.57296130005807
834,7.79235962712076,5.06551645058943,1.57304594989508
835,7.79226295797396,5.10932879658838,1.57312900131761
836,7.79216261443925,5.15314113387154,1.57321048463311
837,7.79205866589112,5.1969534624367,1.57329042957052
838,7.79195118038945,5.24076578220021,1.57336886529301
839,7.79184022470498,5.28457809305047,1.57344582040985
840,7.79172586434383,5.3283903948748,1.57352132298749
841,7.79160816357137,5.37220268757127,1.57359540056016
842,7.7914871854354,5.4160149710528,1.57366808014013
843,7.7913629917891,5.45982724524745,1.57373938822764
844,7.79123564331342,5.50363951009733,1.57380935082064
845,7.79110519953926,5.54745176555702,1.57387799342429
846,7.7909717188691,5.59126401159209,1.57394534106032
847,7.79083525859841,5.63507624817786,1.57401141827616
848,7.79069587493656,5.67888847529842,1.57407624915393
849,7.79055362302742,5.72270069294582,1.57413985731926
850,7.79040855696952,5.76651290111942,1.57420226594992
851,7.7902607298359,5.81032509982543,1.57426349778434
852,7.79011019369351,5.85413728907638,1.57432357512992
853,7.78995699962233,5.89794946889082,1.57438251987119
854,7.78980119773402,5.94176163929286,1.57444035347784
855,7.78964283719032,5.98557380031191,1.57449709701258
856,7.78948196622106,6.02938595198233,1.57455277113885
857,7.78931863214178,6.07319809434313,1.57460739612838
858,7.78915288137112,6.11701022743769,1.57466099186867
859,7.78898475944778,6.1608223513135,1.57471357787018
860,7.78881431104722,6.20463446602185,1.57476517327356
861,7.78864157999801,6.24844657161765,1.57481579685662
862,7.7884666092979,6.29225866815912,1.57486546704121
863,7.78828944112956,6.33607075570762,1.5749142019
864,7.78811011687602,6.37988283432741,1.57496201916304
865,7.78792867713587,6.42369490408541,1.57500893622431
866,7.78774516173808,6.46750696505108,1.57505497014806
867,7.7875596097566,6.51131901729614,1.57510013767508
868,7.7873720595247,6.55513106089448,1.5751444552288
869,7.78718254864898,6.5989430959219,1.57518793892135
870,7.78699111402318,6.64275512245603,1.57523060455943
871,7.78679779184163,6.68656714057612,1.57527246765009
872,7.78660261761259,6.73037915036289,1.57531354340646
873,7.78640562617119,6.77419115189844,1.57535384675326
874,7.78620685169223,6.81800314526607,1.57539339233232
875,7.78600632770267,6.86181513055017,1.5754321945079
876,7.78580408709392,6.9056271078361,1.57547026737198
877,7.78560016213389,6.94943907721006,1.57550762474942
878,7.78539458447884,6.99325103875901,1.57554428020299
879,7.7851873851849,7.03706299257055,1.57558024703839
880,7.78497859471952,7.0808749387328,1.57561553830909
881,7.78476824297258,7.12468687733436,1.5756501668211
882,7.78455635926738,7.16849880846418,1.57568414513771
883,7.78434297237135,7.21231073221148,1.57571748558403
884,7.78412811050657,7.25612264866568,1.57575020025156
885,7.78391180136019,7.29993455791635,1.57578230100257
886,7.78369407209445,7.34374646005308,1.57581379947449
887,7.78347494935675,7.38755835516547,1.57584470708412
888,7.78325445928932,7.43137024334304,1.57587503503189
889,7.78303262753884,7.47518212467517,1.57590479430587
890,7.78280947926582,7.51899399925105,1.57593399568586
891,7.78258503915384,7.56280586715964,1.57596264974732
892,7.78235933141854,7.60661772848958,1.57599076686523
893,7.78213237981655,7.65042958332921,1.57601835721791
894,7.78190420765414,7.69424143176644,1.57604543079074
895,7.7816748377958,7.7380532738888,1.57607199737981
896,7.78144429267258,7.78186510978332,1.57609806659552
897,7.78121259429033,7.82567693953656,1.57612364786609
898,7.78097976423774,7.86948876323453,1.57614875044103
899,7.78074582369427,7.91330058096268,1.57617338339451
900,7.78051079343789,7.95711239280587,1.57619755562867
901,7.78027469385271,8.00092419884833,1.57622127587694
902,7.78003754493641,8.04473599917367,1.57624455270717
903,7.77979936630762,8.08854779386479,1.5762673945248
904,7.77956017721304,8.13235958300395,1.57628980957595
905,7.77931999653455,8.17617136667264,1.57631180595041
906,7.7790788427961,8.21998314495168,1.57633339158463
907,7.77883673417047,8.26379491792111,1.57635457426461
908,7.77859368848598,8.30760668566021,1.57637536162878
909,7.77834972323299,8.35141844824751,1.57639576117073
910,7.77810485557029,8.39523020576072,1.57641578024206
911,7.77785910233142,8.43904195827676,1.57643542605496
912,7.77761248003082,8.48285370587177,1.57645470568493
913,7.77736500486986,8.52666544862103,1.57647362607335
914,7.77711669274282,8.57047718659903,1.57649219403001
915,7.77686755924267,8.61428891987941,1.57651041623562
916,7.77661761966678,8.65810064853497,1.57652829924425
917,7.77636688902258,8.70191237263768,1.57654584948571
918,7.77611538203298,8.74572409225864,1.57656307326797
919,7.77586311314182,8.78953580746813,1.57657997677938
920,7.77561009651912,8.83334751833555,1.57659656609101
921,7.77535634606632,8.87715922492946,1.57661284715884
922,7.77510187542131,8.92097092731756,1.57662882582595
923,7.77484669796347,8.96478262556669,1.57664450782465
924,7.77459082681857,9.00859431974284,1.57665989877861
925,7.77433427486355,9.05240600991115,1.57667500420486
926,7.77407705473125,9.09621769613589,1.5766898295159
927,7.77381917881506,9.14002937848049,1.57670438002157
928,7.77356065927341,9.18384105700754,1.57671866093111
929,7.77330150803428,9.22765273177875,1.57673267735499
930,7.77304173679952,9.27146440285503,1.5767464343068
931,7.77278135704917,9.31527607029643,1.57675993670511
932,7.77252038004564,9.35908773416215,1.57677318937523
933,7.77225881683787,9.40289939451058,1.57678619705103
934,7.77199667826533,9.44671105139929,1.57679896437662
935,7.77173397496203,9.490522704885,1.57681149590808
936,7.77147071736039,9.53433435502365,1.57682379611515
937,7.77120691569508,9.57814600187035,1.5768358693828
938,7.77094258000676,9.62195764547941,1.57684772001291
939,7.77067772014576,9.66576928590433,1.5768593522258
940,7.77041234577566,9.70958092319785,1.5768707701618
941,7.7701464663769,9.7533925574119,1.57688197788275
942,7.76988009125016,9.79720418859765,1.57689297937348
943,7.76961322951985,9.84101581680548,1.57690377854331
944,7.76934589013741,9.88482744208503,1.57691437922743
945,7.76907808188457,9.92863906448516,1.57692478518834
946,7.76880981337663,9.972450684054,1.57693500011723
947,7.76854109306555,10.0162623008389,1.5769450276353
948,7.76827192924308,10.0600739148866,1.57695487129511
949,7.7680023300438,10.103885526243,1.5769645345819
950,7.76773230344808,10.1476971349532,1.57697402091481
951,7.76746185728501,10.1915087410618,1.57698333364819
952,7.76719099923528,10.2353203446125,1.57699247607279
953,7.76691973683397,10.2791319456486,1.577001451417
954,7.76664807747335,10.3229435442123,1.57701026284799
955,7.76637602840554,10.3667551403454,1.57701891347291
956,7.76610359674518,10.4105667340891,1.57702740634001
957,7.76583078947207,10.4543783254836,1.57703574443973
958,7.76555761343369,10.4981899145688,1.57704393070587
959,7.7652840753477,10.5420015013838,1.57705196801658
960,7.76501018180444,10.585813085967,1.57705985919546
961,7.76473593926932,10.6296246683563,1.57706760701259
962,7.76446135408519,10.673436248589,1.57707521418555
963,7.76418643247466,10.7172478267015,1.57708268338038
964,7.76391118054238,10.76105940273,1.57709001721261
965,7.7636356042773,10.8048709767098,1.57709721824817
966,7.76335970955481,10.8486825486758,1.57710428900436
967,7.76308350213895,10.8924941186622,1.57711123195076
968,7.76280698768449,10.9363056867027,1.57711804951014
969,7.762530171739,10.9801172528304,1.57712474405933
970,7.76225305974491,11.0239288170779,1.57713131793012
971,7.76197565704146,11.0677403794771,1.57713777341009
972,7.7616979688667,11.1115519400595,1.57714411274346
973,7.76142000035936,11.1553634988561,1.57715033813192
974,7.76114175656078,11.1991750558973,1.5771564517354
975,7.76086324241674,11.2429866112129,1.5771624556729
976,7.76058446277924,11.2867981648323,1.57716835202325
977,7.76030542240834,11.3306097167845,1.57717414282589
978,7.76002612597384,11.3744212670977,1.57717983008157
979,7.75974657805704,11.4182328158,1.57718541575313
980,7.75946678315237,11.4620443629186,1.57719090176621
981,7.7591867456691,11.5058559084806,1.57719629000993
982,7.75890646993288,11.5496674525125,1.57720158233761
983,7.75862596018739,11.5934789950402,1.57720678056745
984,7.75834522059584,11.6372905360893,1.57721188648316
985,7.75806425524256,11.6811020756851,1.57721690183465
986,7.75778306813442,11.724913613852,1.57722182833865
987,7.75750166320235,11.7687251506145,1.57722666767937
988,7.75722004430278,11.8125366859963,1.57723142150908
989,7.756938215219,11.8563482200209,1.57723609144871
990,7.75665617966262,11.9001597527112,1.57724067908851
991,7.75637394127487,11.9439712840899,1.57724518598853
992,7.75609150362798,11.9877828141792,1.5772496136793
993,7.75580887022643,12.0315943430009,1.57725396366229
994,7.7555260445083,12.0754058705765,1.57725823741055
995,7.75524302984649,12.1192173969269,1.57726243636918
996,7.75495982954994,12.1630289220729,1.5772665619559
997,7.7546764468649,12.2068404460348,1.57727061556154
998,7.75439288497607,12.2506519688325,1.57727459855058
999,7.75410914700776,12.2944634904857,1.57727851226163
1000,7.75382523602509,12.3382750110135,1.57728235800792
1001,7.75354115503506,12.382086530435,1.57728613707781
1002,7.75325690698767,12.4258980487686,1.5772898507352
1003,7.75297269010492,12.4696795043245,1.577288999067
1004,7.75268996309718,12.5132371577416,1.57727954534615
1005,7.75241029863851,12.5563604000473,1.57726604153331
1006,7.75213416126622,12.5990022081511,1.57725254436948
1007,7.75186167929113,12.6411625292218,1.5772390336054
1008,7.75159286149579,12.6828413581848,1.57722550880298
1009,7.7513277032382,12.7240387049077,1.57721197020526
1010,7.75106619465186,12.7647545826875,1.57719841823853
1011,7.75080832389305,12.8049890033993,1.57718485332806
1012,7.75055407842101,12.8447419760436,1.57717127584289
1013,7.75030344548853,12.8840135068042,1.57715768609048
1014,7.7500564123156,12.9228035996304,1.57714408432761
1015,7.74981296613915,12.9611122568888,1.57713047077398
1016,7.74957309421755,12.9989394799066,1.57711684562387
1017,7.74933678382162,13.0362852693695,1.57710320905467
1018,7.74910402222403,13.0731496255881,1.57708956123269
1019,7.74887479669075,13.109532548665,1.57707590231678
1020,7.74864909447527,13.1454340385942,1.57706223246058
1021,7.74842690281494,13.1808540953169,1.57704855181381
1022,7.74820820892901,13.2157927187512,1.577034860523
1023,7.74799300001758,13.2502499088065,1.57702115873187
1024,7.74778126326125,13.2842256653907,1.57700744658157
1025,7.74757298582101,13.3177199884122,1.57699372421079
1026,7.74736815483845,13.3507328777808,1.57697999175581
1027,7.74716675743593,13.3832643334078,1.5769662493506
1028,7.74696878071689,13.4153143552054,1.57695249712682
1029,7.74677421176615,13.4468829430867,1.57693873521389
1030,7.74658303765022,13.4779700969652,1.57692496373898
1031,7.74639524541758,13.508575816755,1.57691118282713
1032,7.74621082209903,13.5387001023704,1.5768973926012
1033,7.74602975470796,13.5683429537258,1.57688359318197
1034,7.74585203024067,13.597504370736,1.57686978468817
1035,7.74567763567665,13.626184353316,1.57685596723647
1036,7.74550655797887,13.6543829013807,1.57684214094161
1037,7.74533878409408,13.6821000148455,1.57682830591634
1038,7.74517430095304,13.7093356936259,1.57681446227152
1039,7.74501309547085,13.7360899376375,1.57680061011615
1040,7.74485515454718,13.7623627467961,1.57678674955736
1041,7.74470046506653,13.7881541210177,1.57677288070052
1042,7.7445490138985,13.8134640602186,1.5767590036492
1043,7.74440078789803,13.838292564315,1.57674511850525
1044,7.74425577390564,13.8626396332237,1.57673122536883
1045,7.74411395874768,13.8865052668613,1.57671732433841
1046,7.74397532923654,13.9098894651448,1.57670341551084
1047,7.74383987217092,13.9327922279914,1.57668949898136
1048,7.74370757433601,13.9552135553183,1.57667557484363
1049,7.74357842250376,13.9771534470431,1.57666164318979
1050,7.74345240343302,13.9986119030836,1.57664770411044
1051,7.74332950386985,14.0195889233577,1.5766337576947
1052,7.74320971054763,14.0400845077835,1.57661980403023
1053,7.74309301018734,14.0600986562794,1.57660584320328
1054,7.7429793894977,14.0796313687638,1.57659187529867
1055,7.74286883517541,14.0986826451556,1.57657790039986
1056,7.7427613339053,14.1172524853738,1.57656391858896
1057,7.74265687236055,14.1353408893374,1.57654992994675
1058,7.74255543720286,14.1529478569658,1.57653593455271
1059,7.74245701508262,14.1700733881787,1.57652193248507
1060,7.7423615926391,14.1867174828958,1.57650792382076
1061,7.74226915650063,14.2028801410372,1.57649390863554
1062,7.74217969328473,14.2185613625232,1.57647988700393
1063,7.74209318959833,14.2337611472741,1.57646585899929
1064,7.74200963203788,14.2484794952106,1.57645182469381
1065,7.74192900718954,14.2627164062537,1.57643778415856
1066,7.74185130162935,14.2764718803245,1.57642373746347
1067,7.74177650192332,14.2897459173443,1.5764096846774
1068,7.74170459462766,14.3025385172347,1.57639562586814
1069,7.74163556628886,14.3148496799175,1.57638156110241
1070,7.7415694034439,14.3266794053148,1.57636749044592
1071,7.74150609262031,14.3380276933487,1.57635341396335
1072,7.74144562033638,14.3488945439418,1.57633933171841
1073,7.74138797310127,14.3592799570169,1.5763252437738
1074,7.74133313741513,14.3691839324968,1.57631115019131
1075,7.74128109976925,14.3786064703048,1.57629705103176
1076,7.74123184664618,14.3875475703643,1.57628294635506
1077,7.74118536451986,14.396007232599,1.57626883622023
1078,7.74114163985573,14.4039854569327,1.57625472068539
1079,7.74110065911087,14.4114822432897,1.5762405998078
1080,7.74106240873412,14.4184975915943,1.57622647364387
1081,7.74102687516618,14.4250315017712,1.57621234224916
1082,7.74099404483972,14.4310839737451,1.57619820567844
1083,7.74096390417954,14.4366550074413,1.57618406398566
1084,7.7409364396026,14.4417446027851,1.57616991722398
1085,7.74091163751821,14.4463527597021,1.57615576544579
1086,7.74088948432807,14.4504794781182,1.57614160870271
1087,7.74086960743831,14.4541920554711,1.57612700951768
1088,7.74085128938321,14.4576230700736,1.57611164862159
1089,7.74083396264692,14.46087777598,1.57609578628226
1090,7.74081730324221,14.4640164418899,1.57607965617418
1091,7.74080115035588,14.4670689119626,1.57606341880045
1092,7.74078542742567,14.4700492447561,1.57604718246096
1093,7.7407700960978,14.4729643053018,1.57603102297084
1094,7.74075513452442,14.475817833556,1.57601499498343
1095,7.74074052818934,14.4786121724198,1.57599913847261
1096,7.74072626609138,14.4813489916587,1.57598348272244
1097,7.74071233902682,14.4840296172841,1.57596804901235
1098,7.74069873872208,14.4866552004296,1.57595285254349
1099,7.74068545737021,14.4892268093085,1.57593790386879
1100,7.74067248739349,14.4917454775391,1.57592320997211
1101,7.74065982133889,14.4942122264155,1.57590877509054
1102,7.74064745184715,14.4966280724488,1.57589460134527
1103,7.74063537165719,14.4989940275544,1.57588068922879
1104,7.74062357362362,14.5013110962974,1.57586703798294
1105,7.74061205073551,14.5035802725341,1.57585364589351
1106,7.74060079613169,14.5058025364865,1.57584051052018
1107,7.74058980311118,14.507978852579,1.57582762887631
1108,7.74057906513906,14.5101101680264,1.57581499756935
1109,7.74056857584875,14.5121974120308,1.57580261291051
1110,7.7405583290417,14.5142414954271,1.5757904710002
1111,7.74054831868529,14.5162433106292,1.57577856779458
1112,7.7405385389097,14.5182037317701,1.57576689915706
1113,7.74052898400407,14.5201236149546,1.5757554608983
1114,7.74051964841233,14.522003798575,1.57574424880698
1115,7.74051052672895,14.523845103657,1.57573325867342
1116,7.74050161369459,14.5256483342158,1.57572248630769
1117,7.74049290419185,14.5274142776124,1.57571192755334
1118,7.74048439324112,14.5291437049051,1.57570157829774
1119,7.74047607599647,14.530837371193,1.57569143447976
1120,7.74046794774173,14.5324960159514,1.5756814920955
1121,7.74046000388663,14.5341203633581,1.57567174720229
1122,7.74045223996313,14.5357111226132,1.5756621959216
1123,7.74044465162177,14.5372689882499,1.57565283444089
1124,7.74043723462822,14.5387946404388,1.57564365901479
1125,7.74042998485989,14.5402887452857,1.57563466596567
1126,7.74042289830265,14.5417519551229,1.5756258516838
1127,7.74041597104771,14.5431849087935,1.57561721262716
1128,7.74040919928847,14.544588231931,1.57560874532102
1129,7.74040257931766,14.5459625372323,1.57560044635729
1130,7.74039610752435,14.5473084247251,1.57559231239376
1131,7.74038978039129,14.5486264820297,1.57558434015322
1132,7.7403835944921,14.5499172846162,1.5755765264225
1133,7.74037754648873,14.5511813960547,1.57556886805146
1134,7.74037163312894,14.5524193682623,1.57556136195192
1135,7.74036585124381,14.5536317417437,1.57555400509663
1136,7.7403601977454,14.5548190458268,1.57554679451813
1137,7.74035466962445,14.5559817988945,1.5755397273077
1138,7.74034926394815,14.5571205086106,1.57553280061423
1139,7.740343977858,14.5582356721413,1.57552601164315
1140,7.74033880856774,14.5593277763728,1.57551935765535
1141,7.74033375336129,14.5603972981233,1.57551283596612
1142,7.74032880959082,14.5614447043515,1.57550644394408
1143,7.74032397467484,14.5624704523605,1.57550017901013
1144,7.74031924609638,14.5634749899971,1.57549403863645
1145,7.7403146214012,14.564458755848,1.57548802034548
1146,7.74031009819607,14.5654221794304,1.57548212170895
1147,7.74030567414708,14.5663656813804,1.57547634034685
1148,7.74030134697802,14.567289673636,1.57547067392655
1149,7.74029711446884,14.5681945596174,1.57546512016181
1150,7.74029297445407,14.5690807344026,1.57545967681187
1151,7.74028892482141,14.5699485849006,1.57545434168056
1152,7.74028496351022,14.5707984900197,1.5754491126154
1153,7.74028108851019,14.5716308208333,1.57544398750676
1154,7.74027729785997,14.5724459407418,1.57543896428696
1155,7.74027358964584,14.5732442056312,1.57543404092947
1156,7.74026996200047,14.5740259640285,1.5754292154481
1157,7.74026641310167,14.5747915572539,1.57542448589617
1158,7.74026294117121,14.5755413195699,1.57541985036572
1159,7.74025954447364,14.5762755783271,1.57541530698679
1160,7.74025622131519,14.5769946541072,1.57541085392661
1161,7.74025297004263,14.577698860863,1.57540648938886
1162,7.74024978904226,14.5783885060552,1.57540221161301
1163,7.74024667673886,14.5790638907872,1.57539801887351
1164,7.74024363159467,14.5797253099358,1.57539390947918
1165,7.74024065210845,14.5803730522808,1.57538988177248
1166,7.7402377368145,14.5810074006303,1.57538593412885
1167,7.7402348842818,14.5816286319447,1.57538206495605
1168,7.74023209311304,14.5822370174574,1.57537827269353
1169,7.74022936194383,14.5828328227933,1.57537455581178
1170,7.74022668944182,14.5834163080845,1.57537091281173
1171,7.74022407430589,14.5839877280844,1.57536734222413
1172,7.74022151526535,14.5845473322786,1.57536384260897
1173,7.74021901107919,14.5850953649937,1.57536041255489
1174,7.7402165605353,14.5856320655042,1.57535705067859
1175,7.74021416244978,14.5861576681369,1.57535375562433
1176,7.7402118156662,14.5866724023733,1.57535052606331
1177,7.74020951905491,14.5871764929496,1.57534736069318
1178,7.74020727151239,14.5876701599549,1.5753442582375
1179,7.7402050719606,14.5881536189274,1.57534121744522
1180,7.74020291934633,14.5886270809483,1.57533823709018
1181,7.74020081264058,14.5890907527342,1.57533531597062
1182,7.74019875083799,14.5895448367273,1.57533245290868
1183,7.74019673295624,14.5899895311834,1.57532964674994
1184,7.74019475803546,14.5904250302591,1.57532689636294
1185,7.74019282513773,14.590851524096,1.57532420063873
1186,7.74019093334651,14.5912691989043,1.57532155849042
1187,7.7401890817661,14.5916782370433,1.57531896885274
1188,7.74018726952118,14.5920788171019,1.57531643068162
1189,7.74018549575628,14.5924711139759,1.57531394295375
1190,7.74018375963531,14.5928552989446,1.57531150466618
1191,7.7401820603411,14.5932315397459,1.57530911483591
1192,7.74018039707492,14.5936000006489,1.57530677249949
1193,7.74017876905605,14.593960842526,1.57530447671265
1194,7.74017717552136,14.5943142229232,1.57530222654988
1195,7.74017561572487,14.5946602961288,1.57530002110409
1196,7.74017408893735,14.5949992132407,1.57529785948625
1197,7.74017259444591,14.5953311222322,1.57529574082498
1198,7.74017113155363,14.595656168017,1.57529366426627
1199,7.74016969957915,14.5959744925124,1.57529162897306
1200,7.74016829785635,14.596286234701,1.57528963412496
1201,7.74016692573393,14.5965915306914,1.57528767891791
1202,7.74016558257511,14.596890513778,1.57528576256381
1203,7.74016426775727,14.5971833144988,1.57528388429026
1204,7.7401629806716,14.5974700606926,1.57528204334022
1205,7.74016172072281,14.5977508775547,1.57528023897169
1206,7.7401604873288,14.5980258876916,1.57527847045744
1207,7.74015927992032,14.5982952111747,1.57527673708472
1208,7.74015809794072,14.5985589655924,1.57527503815493
1209,7.74015694084565,14.5988172661016,1.57527337298337
1210,7.74015580810273,14.5990702254782,1.57527174089897
1211,7.74015469919133,14.599317954166,1.57527014124399
1212,7.74015361360224,14.5995605603249,1.57526857337378
1213,7.74015255083748,14.5997981498785,1.57526703665651
1214,7.74015151040996,14.60003082656,1.57526553047291
1215,7.74015049184329,14.6002586919577,1.57526405421604
1216,7.7401494946715,14.6004818455592,1.57526260729102
1217,7.74014851843884,14.6007003847948,1.57526118911479
1218,7.7401475626995,14.6009144050803,1.57525979911591
1219,7.74014662701739,14.6011239998584,1.57525843673428
1220,7.74014571096596,14.6013292606397,1.57525710142095
1221,7.74014481412794,14.6015302770424,1.57525579263789
1222,7.74014393609515,14.6017271368318,1.57525450985777
1223,7.74014307646828,14.6019199259581,1.57525325256373
1224,7.7401422348567,14.6021087285943,1.57525202024919
1225,7.74014141087826,14.6022936271732,1.57525081241768
1226,7.7401406041591,14.6024747024226,1.57524962858255
1227,7.74013981433345,14.6026520334013,1.57524846826686
1228,7.74013904104349,14.6028256975333,1.57524733100315
1229,7.74013828393911,14.6029957706414,1.57524621633325
1230,7.74013754267778,14.6031623269808,1.57524512380809
1231,7.74013681692436,14.6033254392712,1.57524405298755
1232,7.74013610635095,14.6034851787286,1.57524300344025
1233,7.74013541063673,14.6036416150962,1.57524197474339
1234,7.74013472946778,14.6037948166754,1.57524096648258
1235,7.74013406253693,14.603944850355,1.57523997825166
1236,7.74013340954363,14.6040917816407,1.57523900965256
1237,7.74013277019379,14.6042356746839,1.5752380602951
1238,7.74013214419965,14.6043765923091,1.57523712979689
1239,7.74013153127959,14.6045145960421,1.57523621778312
1240,7.74013093115808,14.6046497461362,1.57523532388645
1241,7.74013034356545,14.604782101599,1.57523444774681
1242,7.74012976823785,14.6049117202177,1.57523358901134
1243,7.74012918943645,14.6050400141401,1.57577893388855
1244,7.7401285194416,14.605168365559,1.57740808378251
1245,7.74012769574644,14.6052967736324,1.58009861296643
1246,7.74012659309069,14.6054252341563,1.58383026227821
1247,7.74012508029897,14.6055537406527,1.58858315591231
1248,7.74012302545992,14.6056822841878,1.5943377963079
1249,7.74012029806673,14.6058108531348,1.60107505771322
1250,7.74011676989611,14.6059394329203,1.60877617936596
1251,7.74011231536672,14.6060680057713,1.61742275862323
1252,7.74010681169346,14.6061965504763,1.62699674415845
1253,7.74010013897355,14.6063250421643,1.63748042926541
1254,7.74009218026251,14.6064534521046,1.64885644528219
1255,7.74008282166279,14.6065817475289,1.66110775513773
1256,7.74007195243258,14.6067098914759,1.67421764702083
1257,7.74005946511566,14.6068378426589,1.68816972816968
1258,7.74004525569072,14.6069655553562,1.70294791878
1259,7.74002922373788,14.6070929793244,1.71853644602949
1260,7.74001127261989,14.6072200597359,1.73491983821651
1261,7.73999130967606,14.6073467371385,1.75208291901076
1262,7.73996924642698,14.6074729474394,1.77001080181381
1263,7.73994499878832,14.6075986219131,1.7886888842274
1264,7.73991848729217,14.6077236872328,1.80810284262738
1265,7.73988963731443,14.6078480655264,1.82823862684144
1266,7.73985837930663,14.6079716744568,1.84908245492837
1267,7.73982846473958,14.6080821025845,1.87057243105854
1268,7.73980306854079,14.6081691153537,1.89254186038461
1269,7.73978093318995,14.608239189534,1.91478693965822
1270,7.739760320274,14.608299465488,1.93714433143034
1271,7.73974009372134,14.6083543328191,1.95948961843652
1272,7.73971968223338,14.6084059754667,1.98172842539904
1273,7.73969884827174,14.6084553777125,2.00378935106251
1274,7.73967751318464,14.6085029786647,2.02561868577628
1275,7.73965566616404,14.608548989557,2.04717641191213
1276,7.73963332549388,14.6085935254492,2.06843312992881
1277,7.73961052351514,14.6086366568763,2.08936767683518
1278,7.73958730024051,14.6086784315753,2.10996527461801
1279,7.73956369976738,14.6087188853149,2.13021608874051
1280,7.73953976779045,14.6087580480501,2.15011410538855
1281,7.73951554984673,14.6087959474582,2.16965625692346
1282,7.73949109017681,14.6088326108008,2.1888417407431
1283,7.73946643107216,14.6088680657457,2.20767148888839
1284,7.73944161256214,14.6089023405997,2.22614775515291
1285,7.73941667231247,14.6089354642556,2.2442737937853
1286,7.73939164564215,14.6089674660252,2.26205360958648
1287,7.73936656559886,14.6089983754514,2.27949176365626
1288,7.73934146305875,14.6090282221376,2.29659322251406
1289,7.73931636683256,14.6090570356061,2.31336324102441
1290,7.73929130376982,14.609084845187,2.32980727166674
1291,7.73926629885819,14.6091116799316,2.34593089433338
1292,7.73924137531715,14.6091375685455,2.36173976212152
1293,7.73921655468678,14.6091625393365,2.37723955958447
1294,7.7391918569121,14.6091866201727,2.39243597068645
1295,7.73916730042385,14.6092098384491,2.40733465431272
1296,7.73914290221608,14.6092322210608,2.4219412256605
1297,7.73911867792094,14.6092537943802,2.43626124220511
1298,7.73909464188079,14.6092745842394,2.450300193224
1299,7.73907080721783,14.6092946159147,2.4640634920853
1300,7.73904718590105,14.6093139141159,2.47755647068283
1301,7.73902378881073,14.6093325029766,2.49078437553577
1302,7.73900062580034,14.6093504060485,2.5037523651775
1303,7.73897770575589,14.6093676462965,2.51646550854115
1304,7.73895503665273,14.6093842460974,2.52892878411384
1305,7.73893262560983,14.6094002272392,2.54114707968223
1306,7.73891047894154,14.6094156109223,2.55312519253095
1307,7.73888860220697,14.6094304177629,2.56486782998646
1308,7.73886700025694,14.6094446677969,2.57637961022253
1309,7.73884567727868,14.6094583804855,2.58766506326211
1310,7.73882463683824,14.6094715747214,2.59872863212504
1311,7.73880388192077,14.6094842688364,2.6095746740823
1312,7.73878341496875,14.6094964806095,2.62020746198605
1313,7.73876323791817,14.6095082272758,2.63063118565215
1314,7.7387433522328,14.6095195255361,2.64084995327647
1315,7.73872375893669,14.6095303915666,2.65086779287113
1316,7.73870445864479,14.6095408410295,2.66068865370965
1317,7.73868545159202,14.6095508890837,2.67031640777265
1318,7.73866673766063,14.609560550396,2.67975485118772
1319,7.73864831640609,14.6095698391519,2.68900770565863
1320,7.73863018708151,14.6095787690675,2.69807861988009
1321,7.73861234866061,14.609587353401,2.70697117093547
1322,7.73859479985946,14.6095956049639,2.71568886567541
1323,7.73857753915689,14.6096035361329,2.72423514207569
1324,7.73856056481375,14.6096111588617,2.73261337057368
1325,7.73854387489097,14.6096184846922,2.74082685538227
1326,7.73852746726662,14.6096255247663,2.74887883578118
1327,7.73851133965187,14.6096322898369,2.75677248738525
1328,7.73849548960606,14.6096387902799,2.76451092338963
1329,7.73847991455075,14.6096450361046,2.77209719579199
1330,7.73846461178299,14.6096510369653,2.77953429659183
1331,7.73844957848774,14.6096568021716,2.78682515896708
1332,7.73843481174944,14.6096623406995,2.79397265842828
1333,7.73842030856294,14.6096676612017,2.80097961395058
1334,7.73840606584368,14.6096727720175,2.80784878908394
1335,7.73839208043724,14.6096776811836,2.81458289304177
1336,7.73837834912817,14.6096823964431,2.82118458176849
1337,7.7383648686484,14.6096869252555,2.82765645898625
1338,7.73835163568493,14.6096912748063,2.83400107722126
1339,7.73833864688709,14.6096954520157,2.84022093880997
1340,7.73832589887328,14.6096994635476,2.84631849688573
1341,7.73831338823725,14.6097033158185,2.85229615634595
1342,7.7383011115539,14.6097070150059,2.85815627480038
1343,7.73828906538473,14.6097105670563,2.86390116350081
1344,7.73827724628286,14.6097139776934,2.86953308825249
1345,7.7382656507977,14.6097172524259,2.87505427030764
1346,7.73825427547923,14.6097203965549,2.88046688724144
1347,7.73824311688204,14.6097234151811,2.88577307381083
1348,7.73823217156898,14.6097263132125,2.89097492279638
1349,7.73822143611456,14.6097290953703,2.89607448582768
1350,7.73821090710811,14.6097317661967,2.90107377419245
1351,7.73820058115662,14.6097343300604,2.90597475962978
1352,7.73819045488737,14.6097367911634,2.91077937510778
1353,7.7381805249504,14.6097391535469,2.91548951558593
1354,7.73817078802064,14.6097414210972,2.92010703876244
1355,7.73816124079997,14.6097435975512,2.92463376580692
1356,7.73815188001902,14.6097456865022,2.92907148207867
1357,7.73814270243885,14.6097476914049,2.93342193783079
1358,7.7381337048524,14.6097496155808,2.9376868489005
1359,7.73812488408586,14.6097514622229,2.9418678973859
1360,7.73811623699986,14.6097532344006,2.94596673230932
1361,7.73810776049054,14.6097549350642,2.94998497026777
1362,7.7380994514905,14.6097565670495,2.95392419607047
1363,7.73809130696959,14.6097581330822,2.95778596336396
1364,7.7380833239357,14.6097596357817,2.96157179524483
1365,7.73807549943534,14.6097610776655,2.96528318486041
1366,7.73806783055416,14.6097624611526,2.96892159599773
1367,7.73806031441742,14.6097637885677,2.97248846366081
1368,7.73805294819035,14.6097650621445,2.97598519463661
1369,7.73804572907841,14.6097662840293,2.97941316804993
1370,7.73803865432753,14.6097674562842,2.98277373590728
1371,7.73803172122428,14.6097685808905,2.98606822363014
1372,7.73802492709593,14.6097696597515,2.98929793057774
1373,7.73801826931049,14.6097706946959,2.99246413055949
1374,7.73801174527673,14.6097716874804,2.99556807233738
1375,7.73800535244408,14.6097726397923,2.99861098011854
1376,7.73799908830257,14.6097735532528,3.00159405403801
1377,7.73799295038264,14.6097744294187,3.00451847063212
1378,7.737986936255,14.6097752697857,3.00738538330252
1379,7.73798104353038,14.6097760757902,3.01019592277106
1380,7.73797526985931,14.6097768488118,3.01295119752577
1381,7.73796961293184,14.6097775901757,3.01565229425805
1382,7.73796407047725,14.6097783011544,3.01830027829127
1383,7.73795864026369,14.6097789829701,3.02089619400092
1384,7.73795332009788,14.6097796367964,3.02344106522654
1385,7.73794810782473,14.6097802637606,3.02593589567551
1386,7.73794300132695,14.609780864945,3.02838166931891
1387,7.73793799852467,14.6097814413888,3.03077935077965
1388,7.73793309737501,14.6097819940903,3.03312988571283
1389,7.73792829587168,14.6097825240076,3.03543420117882
1390,7.73792359204453,14.609783032061,3.03769320600879
1391,7.73791898395909,14.609783519134,3.03990779116326
1392,7.73791446971618,14.609783986075,3.0420788300834
1393,7.73791004745139,14.6097844336983,3.04420717903561
1394,7.73790571533463,14.6097848627861,3.04629367744914
1395,7.73790147156967,14.6097852740891,3.04833914824727
1396,7.73789731439369,14.609785668328,3.05034439817178
1397,7.73789324207673,14.6097860461949,3.05231021810119
1398,7.73788925292131,14.6097864083541,3.05423738336266
1399,7.73788534526184,14.6097867554433,3.0561266540378
1400,7.73788151746424,14.6097870880748,3.05797877526243
1401,7.73787776792539,14.6097874068361,3.05979447752048
1402,7.73787409507269,14.6097877122916,3.06157447693209
1403,7.73787049736353,14.6097880049827,3.06331947553605
1404,7.73786697328486,14.6097882854292,3.0650301615667
1405,7.73786352135269,14.6097885541301,3.06670720972533
1406,7.73786014011162,14.6097888115644,3.06835128144636
1407,7.73785682813436,14.6097890581917,3.06996302515812
1408,7.73785358402126,14.6097892944532,3.07154307653869
1409,7.73785040639985,14.6097895207725,3.07309205876653
1410,7.73784729392439,14.609789737556,3.07461058276632
1411,7.73784424527537,14.6097899451938,3.07609924744987
1412,7.7378412591591,14.6097901440604,3.07755863995239
1413,7.73783833430724,14.6097903345149,3.07898933586398
1414,7.73783546947635,14.6097905169023,3.08039189945673
1415,7.73783266344745,14.6097906915534,3.08176688390719
1416,7.73782991502559,14.609790858786,3.08311483151462
1417,7.73782722303942,14.6097910189047,3.08443627391481
1418,7.73782458634077,14.609791172202,3.08573173228982
1419,7.73782200380419,14.6097913189586,3.08700171757348
1420,7.73781947432661,14.6097914594438,3.08824673065295
1421,7.73781699682684,14.6097915939161,3.08946726256623
1422,7.73781457024523,14.6097917226233,3.09066379469586
1423,7.73781219354325,14.6097918458035,3.09183679895879
1424,7.73780986570311,14.609791963685,3.09298673799245
1425,7.73780758572735,14.6097920764867,3.09411406533727
1426,7.73780535263846,14.609792184419,3.09521922561554
1427,7.73780316547853,14.6097922876834,3.09630265470676
1428,7.73780102330885,14.6097923864734,3.09736477991958
1429,7.73779892520957,14.6097924809747,3.0984060201603
1430,7.73779687027931,14.6097925713654,3.09942678609811
1431,7.73779485763486,14.6097926578163,3.10042748032706
1432,7.73779288641076,14.6097927404913,3.10140849752482
1433,7.73779095575901,14.6097928195476,3.10237022460838
1434,7.73778906484873,14.6097928951362,3.10331304088661
1435,7.73778721286582,14.6097929674017,3.10423731820991
1436,7.73778539901261,14.6097930364828,3.10514342111683
1437,7.73778362250758,14.6097931025129,3.10603170697785
1438,7.73778188258504,14.6097931656195,3.10690252613635
1439,7.73778017849479,14.6097932259252,3.10775622204677
1440,7.73777850950186,14.6097932835476,3.10859313141006
1441,7.73777687488616,14.6097933385992,3.10941358430652
1442,7.73777527394223,14.6097933911883,3.11021790432591
1443,7.73777370597896,14.6097934414184,3.11100640869517
1444,7.73777217031926,14.609793489389,3.11177940840344
1445,7.73777066629981,14.6097935351956,3.1125372083248
1446,7.73776919327079,14.6097935789294,3.11328010733844
1447,7.73776775059562,14.6097936206783,3.11400839844659
1448,7.73776633765068,14.6097936605264,3.11472236889008
1449,7.73776495382504,14.6097936985542,3.11542230026158
1450,7.73776359852024,14.6097937348392,3.11610846861671
1451,7.73776227115003,14.6097937694555,3.11678114458292
1452,7.73776097114013,14.6097938024741,3.11744059346618
1453,7.73775969792795,14.6097938339634,3.11808707535567
1454,7.73775845096244,14.6097938639886,3.11872084522632
1455,7.73775722970375,14.6097938926124,3.1193421530394
1456,7.73775603362312,14.609793919895,3.11995124384109
1457,7.73775486220256,14.6097939458938,3.12054835785914
1458,7.7377537149347,14.6097939706643,3.12113373059761
1459,7.73775259132253,14.6097939942591,3.12170759292974
1460,7.73775149087923,14.6097940167293,3.12227017118904
1461,7.73775041312794,14.6097940381233,3.12282168725852
